program,sex,decision
A,Male,Accepted
A,Male,Accepted
A,Male,Accepted
A,Male,Accepted
A,Male,Accepted
A,Male,Accepted
A,Male,Accepted
A,Male,Accepted
A,Male,Accepted
A,Male,Accepted
A,Male,Accepted
A,Male,Accepted
A,Male,Accepted
A,Male,Accepted
A,Male,Accepted
A,Male,Accepted
A,Male,Accepted
A,Male,Accepted
A,Male,Accepted
A,Male,Accepted
A,Male,Accepted
A,Male,Accepted
A,Male,Accepted
A,Male,Accepted
A,Male,Accepted
A,Male,Accepted
A,Male,Accepted
A,Male,Accepted
A,Male,Accepted
A,Male,Accepted
A,Male,Accepted
A,Male,Accepted
A,Male,Accepted
A,Male,Accepted
A,Male,Accepted
A,Male,Accepted
A,Male,Accepted
A,Male,Accepted
A,Male,Accepted
A,Male,Accepted
A,Male,Accepted
A,Male,Accepted
A,Male,Accepted
A,Male,Accepted
A,Male,Accepted
A,Male,Accepted
A,Male,Accepted
A,Male,Accepted
A,Male,Accepted
A,Male,Accepted
A,Male,Accepted
A,Male,Accepted
A,Male,Accepted
A,Male,Accepted
A,Male,Accepted
A,Male,Accepted
A,Male,Accepted
A,Male,Accepted
A,Male,Accepted
A,Male,Accepted
A,Male,Accepted
A,Male,Accepted
A,Male,Accepted
A,Male,Accepted
A,Male,Accepted
A,Male,Accepted
A,Male,Accepted
A,Male,Accepted
A,Male,Accepted
A,Male,Accepted
A,Male,Accepted
A,Male,Accepted
A,Male,Accepted
A,Male,Accepted
A,Male,Accepted
A,Male,Accepted
A,Male,Accepted
A,Male,Accepted
A,Male,Accepted
A,Male,Accepted
A,Male,Accepted
A,Male,Accepted
A,Male,Accepted
A,Male,Accepted
A,Male,Accepted
A,Male,Accepted
A,Male,Accepted
A,Male,Accepted
A,Male,Accepted
A,Male,Accepted
A,Male,Accepted
A,Male,Accepted
A,Male,Accepted
A,Male,Accepted
A,Male,Accepted
A,Male,Accepted
A,Male,Accepted
A,Male,Accepted
A,Male,Accepted
A,Male,Accepted
A,Male,Accepted
A,Male,Accepted
A,Male,Accepted
A,Male,Accepted
A,Male,Accepted
A,Male,Accepted
A,Male,Accepted
A,Male,Accepted
A,Male,Accepted
A,Male,Accepted
A,Male,Accepted
A,Male,Accepted
A,Male,Accepted
A,Male,Accepted
A,Male,Accepted
A,Male,Accepted
A,Male,Accepted
A,Male,Accepted
A,Male,Accepted
A,Male,Accepted
A,Male,Accepted
A,Male,Accepted
A,Male,Accepted
A,Male,Accepted
A,Male,Accepted
A,Male,Accepted
A,Male,Accepted
A,Male,Accepted
A,Male,Accepted
A,Male,Accepted
A,Male,Accepted
A,Male,Accepted
A,Male,Accepted
A,Male,Accepted
A,Male,Accepted
A,Male,Accepted
A,Male,Accepted
A,Male,Accepted
A,Male,Accepted
A,Male,Accepted
A,Male,Accepted
A,Male,Accepted
A,Male,Accepted
A,Male,Accepted
A,Male,Accepted
A,Male,Accepted
A,Male,Accepted
A,Male,Accepted
A,Male,Accepted
A,Male,Accepted
A,Male,Accepted
A,Male,Accepted
A,Male,Accepted
A,Male,Accepted
A,Male,Accepted
A,Male,Accepted
A,Male,Accepted
A,Male,Accepted
A,Male,Accepted
A,Male,Accepted
A,Male,Accepted
A,Male,Accepted
A,Male,Accepted
A,Male,Accepted
A,Male,Accepted
A,Male,Accepted
A,Male,Accepted
A,Male,Accepted
A,Male,Accepted
A,Male,Accepted
A,Male,Accepted
A,Male,Accepted
A,Male,Accepted
A,Male,Accepted
A,Male,Accepted
A,Male,Accepted
A,Male,Accepted
A,Male,Accepted
A,Male,Accepted
A,Male,Accepted
A,Male,Accepted
A,Male,Accepted
A,Male,Accepted
A,Male,Accepted
A,Male,Accepted
A,Male,Accepted
A,Male,Accepted
A,Male,Accepted
A,Male,Accepted
A,Male,Accepted
A,Male,Accepted
A,Male,Accepted
A,Male,Accepted
A,Male,Accepted
A,Male,Accepted
A,Male,Accepted
A,Male,Accepted
A,Male,Accepted
A,Male,Accepted
A,Male,Accepted
A,Male,Accepted
A,Male,Accepted
A,Male,Accepted
A,Male,Accepted
A,Male,Accepted
A,Male,Accepted
A,Male,Accepted
A,Male,Accepted
A,Male,Accepted
A,Male,Accepted
A,Male,Accepted
A,Male,Accepted
A,Male,Accepted
A,Male,Accepted
A,Male,Accepted
A,Male,Accepted
A,Male,Accepted
A,Male,Accepted
A,Male,Accepted
A,Male,Accepted
A,Male,Accepted
A,Male,Accepted
A,Male,Accepted
A,Male,Accepted
A,Male,Accepted
A,Male,Accepted
A,Male,Accepted
A,Male,Accepted
A,Male,Accepted
A,Male,Accepted
A,Male,Accepted
A,Male,Accepted
A,Male,Accepted
A,Male,Accepted
A,Male,Accepted
A,Male,Accepted
A,Male,Accepted
A,Male,Accepted
A,Male,Accepted
A,Male,Accepted
A,Male,Accepted
A,Male,Accepted
A,Male,Accepted
A,Male,Accepted
A,Male,Accepted
A,Male,Accepted
A,Male,Accepted
A,Male,Accepted
A,Male,Accepted
A,Male,Accepted
A,Male,Accepted
A,Male,Accepted
A,Male,Accepted
A,Male,Accepted
A,Male,Accepted
A,Male,Accepted
A,Male,Accepted
A,Male,Accepted
A,Male,Accepted
A,Male,Accepted
A,Male,Accepted
A,Male,Accepted
A,Male,Accepted
A,Male,Accepted
A,Male,Accepted
A,Male,Accepted
A,Male,Accepted
A,Male,Accepted
A,Male,Accepted
A,Male,Accepted
A,Male,Accepted
A,Male,Accepted
A,Male,Accepted
A,Male,Accepted
A,Male,Accepted
A,Male,Accepted
A,Male,Accepted
A,Male,Accepted
A,Male,Accepted
A,Male,Accepted
A,Male,Accepted
A,Male,Accepted
A,Male,Accepted
A,Male,Accepted
A,Male,Accepted
A,Male,Accepted
A,Male,Accepted
A,Male,Accepted
A,Male,Accepted
A,Male,Accepted
A,Male,Accepted
A,Male,Accepted
A,Male,Accepted
A,Male,Accepted
A,Male,Accepted
A,Male,Accepted
A,Male,Accepted
A,Male,Accepted
A,Male,Accepted
A,Male,Accepted
A,Male,Accepted
A,Male,Accepted
A,Male,Accepted
A,Male,Accepted
A,Male,Accepted
A,Male,Accepted
A,Male,Accepted
A,Male,Accepted
A,Male,Accepted
A,Male,Accepted
A,Male,Accepted
A,Male,Accepted
A,Male,Accepted
A,Male,Accepted
A,Male,Accepted
A,Male,Accepted
A,Male,Accepted
A,Male,Accepted
A,Male,Accepted
A,Male,Accepted
A,Male,Accepted
A,Male,Accepted
A,Male,Accepted
A,Male,Accepted
A,Male,Accepted
A,Male,Accepted
A,Male,Accepted
A,Male,Accepted
A,Male,Accepted
A,Male,Accepted
A,Male,Accepted
A,Male,Accepted
A,Male,Accepted
A,Male,Accepted
A,Male,Accepted
A,Male,Accepted
A,Male,Accepted
A,Male,Accepted
A,Male,Accepted
A,Male,Accepted
A,Male,Accepted
A,Male,Accepted
A,Male,Accepted
A,Male,Accepted
A,Male,Accepted
A,Male,Accepted
A,Male,Accepted
A,Male,Accepted
A,Male,Accepted
A,Male,Accepted
A,Male,Accepted
A,Male,Accepted
A,Male,Accepted
A,Male,Accepted
A,Male,Accepted
A,Male,Accepted
A,Male,Accepted
A,Male,Accepted
A,Male,Accepted
A,Male,Accepted
A,Male,Accepted
A,Male,Accepted
A,Male,Accepted
A,Male,Accepted
A,Male,Accepted
A,Male,Accepted
A,Male,Accepted
A,Male,Accepted
A,Male,Accepted
A,Male,Accepted
A,Male,Accepted
A,Male,Accepted
A,Male,Accepted
A,Male,Accepted
A,Male,Accepted
A,Male,Accepted
A,Male,Accepted
A,Male,Accepted
A,Male,Accepted
A,Male,Accepted
A,Male,Accepted
A,Male,Accepted
A,Male,Accepted
A,Male,Accepted
A,Male,Accepted
A,Male,Accepted
A,Male,Accepted
A,Male,Accepted
A,Male,Accepted
A,Male,Accepted
A,Male,Accepted
A,Male,Accepted
A,Male,Accepted
A,Male,Accepted
A,Male,Accepted
A,Male,Accepted
A,Male,Accepted
A,Male,Accepted
A,Male,Accepted
A,Male,Accepted
A,Male,Accepted
A,Male,Accepted
A,Male,Accepted
A,Male,Accepted
A,Male,Accepted
A,Male,Accepted
A,Male,Accepted
A,Male,Accepted
A,Male,Accepted
A,Male,Accepted
A,Male,Accepted
A,Male,Accepted
A,Male,Accepted
A,Male,Accepted
A,Male,Accepted
A,Male,Accepted
A,Male,Accepted
A,Male,Accepted
A,Male,Accepted
A,Male,Accepted
A,Male,Accepted
A,Male,Accepted
A,Male,Accepted
A,Male,Accepted
A,Male,Accepted
A,Male,Accepted
A,Male,Accepted
A,Male,Accepted
A,Male,Accepted
A,Male,Accepted
A,Male,Accepted
A,Male,Accepted
A,Male,Accepted
A,Male,Accepted
A,Male,Accepted
A,Male,Accepted
A,Male,Accepted
A,Male,Accepted
A,Male,Accepted
A,Male,Accepted
A,Male,Accepted
A,Male,Accepted
A,Male,Accepted
A,Male,Accepted
A,Male,Accepted
A,Male,Accepted
A,Male,Accepted
A,Male,Accepted
A,Male,Accepted
A,Male,Accepted
A,Male,Accepted
A,Male,Accepted
A,Male,Accepted
A,Male,Accepted
A,Male,Accepted
A,Male,Accepted
A,Male,Accepted
A,Male,Accepted
A,Male,Accepted
A,Male,Accepted
A,Male,Accepted
A,Male,Accepted
A,Male,Accepted
A,Male,Accepted
A,Male,Accepted
A,Male,Accepted
A,Male,Accepted
A,Male,Accepted
A,Male,Accepted
A,Male,Accepted
A,Male,Accepted
A,Male,Accepted
A,Male,Accepted
A,Male,Accepted
A,Male,Accepted
A,Male,Accepted
A,Male,Accepted
A,Male,Accepted
A,Male,Accepted
A,Male,Accepted
A,Male,Accepted
A,Male,Accepted
A,Male,Accepted
A,Male,Accepted
A,Male,Accepted
A,Male,Accepted
A,Male,Accepted
A,Male,Accepted
A,Male,Accepted
A,Male,Accepted
A,Male,Accepted
A,Male,Accepted
A,Male,Accepted
A,Male,Accepted
A,Male,Accepted
A,Male,Accepted
A,Male,Accepted
A,Male,Accepted
A,Male,Accepted
A,Male,Accepted
A,Male,Accepted
A,Male,Accepted
A,Male,Accepted
A,Male,Accepted
A,Male,Accepted
A,Male,Accepted
A,Male,Accepted
A,Male,Accepted
A,Male,Accepted
A,Male,Accepted
A,Male,Accepted
A,Male,Denied
A,Male,Denied
A,Male,Denied
A,Male,Denied
A,Male,Denied
A,Male,Denied
A,Male,Denied
A,Male,Denied
A,Male,Denied
A,Male,Denied
A,Male,Denied
A,Male,Denied
A,Male,Denied
A,Male,Denied
A,Male,Denied
A,Male,Denied
A,Male,Denied
A,Male,Denied
A,Male,Denied
A,Male,Denied
A,Male,Denied
A,Male,Denied
A,Male,Denied
A,Male,Denied
A,Male,Denied
A,Male,Denied
A,Male,Denied
A,Male,Denied
A,Male,Denied
A,Male,Denied
A,Male,Denied
A,Male,Denied
A,Male,Denied
A,Male,Denied
A,Male,Denied
A,Male,Denied
A,Male,Denied
A,Male,Denied
A,Male,Denied
A,Male,Denied
A,Male,Denied
A,Male,Denied
A,Male,Denied
A,Male,Denied
A,Male,Denied
A,Male,Denied
A,Male,Denied
A,Male,Denied
A,Male,Denied
A,Male,Denied
A,Male,Denied
A,Male,Denied
A,Male,Denied
A,Male,Denied
A,Male,Denied
A,Male,Denied
A,Male,Denied
A,Male,Denied
A,Male,Denied
A,Male,Denied
A,Male,Denied
A,Male,Denied
A,Male,Denied
A,Male,Denied
A,Male,Denied
A,Male,Denied
A,Male,Denied
A,Male,Denied
A,Male,Denied
A,Male,Denied
A,Male,Denied
A,Male,Denied
A,Male,Denied
A,Male,Denied
A,Male,Denied
A,Male,Denied
A,Male,Denied
A,Male,Denied
A,Male,Denied
A,Male,Denied
A,Male,Denied
A,Male,Denied
A,Male,Denied
A,Male,Denied
A,Male,Denied
A,Male,Denied
A,Male,Denied
A,Male,Denied
A,Male,Denied
A,Male,Denied
A,Male,Denied
A,Male,Denied
A,Male,Denied
A,Male,Denied
A,Male,Denied
A,Male,Denied
A,Male,Denied
A,Male,Denied
A,Male,Denied
A,Male,Denied
A,Male,Denied
A,Male,Denied
A,Male,Denied
A,Male,Denied
A,Male,Denied
A,Male,Denied
A,Male,Denied
A,Male,Denied
A,Male,Denied
A,Male,Denied
A,Male,Denied
A,Male,Denied
A,Male,Denied
A,Male,Denied
A,Male,Denied
A,Male,Denied
A,Male,Denied
A,Male,Denied
A,Male,Denied
A,Male,Denied
A,Male,Denied
A,Male,Denied
A,Male,Denied
A,Male,Denied
A,Male,Denied
A,Male,Denied
A,Male,Denied
A,Male,Denied
A,Male,Denied
A,Male,Denied
A,Male,Denied
A,Male,Denied
A,Male,Denied
A,Male,Denied
A,Male,Denied
A,Male,Denied
A,Male,Denied
A,Male,Denied
A,Male,Denied
A,Male,Denied
A,Male,Denied
A,Male,Denied
A,Male,Denied
A,Male,Denied
A,Male,Denied
A,Male,Denied
A,Male,Denied
A,Male,Denied
A,Male,Denied
A,Male,Denied
A,Male,Denied
A,Male,Denied
A,Male,Denied
A,Male,Denied
A,Male,Denied
A,Male,Denied
A,Male,Denied
A,Male,Denied
A,Male,Denied
A,Male,Denied
A,Male,Denied
A,Male,Denied
A,Male,Denied
A,Male,Denied
A,Male,Denied
A,Male,Denied
A,Male,Denied
A,Male,Denied
A,Male,Denied
A,Male,Denied
A,Male,Denied
A,Male,Denied
A,Male,Denied
A,Male,Denied
A,Male,Denied
A,Male,Denied
A,Male,Denied
A,Male,Denied
A,Male,Denied
A,Male,Denied
A,Male,Denied
A,Male,Denied
A,Male,Denied
A,Male,Denied
A,Male,Denied
A,Male,Denied
A,Male,Denied
A,Male,Denied
A,Male,Denied
A,Male,Denied
A,Male,Denied
A,Male,Denied
A,Male,Denied
A,Male,Denied
A,Male,Denied
A,Male,Denied
A,Male,Denied
A,Male,Denied
A,Male,Denied
A,Male,Denied
A,Male,Denied
A,Male,Denied
A,Male,Denied
A,Male,Denied
A,Male,Denied
A,Male,Denied
A,Male,Denied
A,Male,Denied
A,Male,Denied
A,Male,Denied
A,Male,Denied
A,Male,Denied
A,Male,Denied
A,Male,Denied
A,Male,Denied
A,Male,Denied
A,Male,Denied
A,Male,Denied
A,Male,Denied
A,Male,Denied
A,Male,Denied
A,Male,Denied
A,Male,Denied
A,Male,Denied
A,Male,Denied
A,Male,Denied
A,Male,Denied
A,Male,Denied
A,Male,Denied
A,Male,Denied
A,Male,Denied
A,Male,Denied
A,Male,Denied
A,Male,Denied
A,Male,Denied
A,Male,Denied
A,Male,Denied
A,Male,Denied
A,Male,Denied
A,Male,Denied
A,Male,Denied
A,Male,Denied
A,Male,Denied
A,Male,Denied
A,Male,Denied
A,Male,Denied
A,Male,Denied
A,Male,Denied
A,Male,Denied
A,Male,Denied
A,Male,Denied
A,Male,Denied
A,Male,Denied
A,Male,Denied
A,Male,Denied
A,Male,Denied
A,Male,Denied
A,Male,Denied
A,Male,Denied
A,Male,Denied
A,Male,Denied
A,Male,Denied
A,Male,Denied
A,Male,Denied
A,Male,Denied
A,Male,Denied
A,Male,Denied
A,Male,Denied
A,Male,Denied
A,Male,Denied
A,Male,Denied
A,Male,Denied
A,Male,Denied
A,Male,Denied
A,Male,Denied
A,Male,Denied
A,Male,Denied
A,Male,Denied
A,Male,Denied
A,Male,Denied
A,Male,Denied
A,Male,Denied
A,Male,Denied
A,Male,Denied
A,Male,Denied
A,Male,Denied
A,Male,Denied
A,Male,Denied
A,Male,Denied
A,Male,Denied
A,Male,Denied
A,Male,Denied
A,Male,Denied
A,Male,Denied
A,Male,Denied
A,Male,Denied
A,Male,Denied
A,Male,Denied
A,Male,Denied
A,Male,Denied
A,Male,Denied
A,Male,Denied
A,Male,Denied
A,Male,Denied
A,Male,Denied
A,Male,Denied
A,Male,Denied
A,Male,Denied
A,Male,Denied
A,Male,Denied
A,Male,Denied
A,Male,Denied
A,Male,Denied
A,Male,Denied
A,Female,Accepted
A,Female,Accepted
A,Female,Accepted
A,Female,Accepted
A,Female,Accepted
A,Female,Accepted
A,Female,Accepted
A,Female,Accepted
A,Female,Accepted
A,Female,Accepted
A,Female,Accepted
A,Female,Accepted
A,Female,Accepted
A,Female,Accepted
A,Female,Accepted
A,Female,Accepted
A,Female,Accepted
A,Female,Accepted
A,Female,Accepted
A,Female,Accepted
A,Female,Accepted
A,Female,Accepted
A,Female,Accepted
A,Female,Accepted
A,Female,Accepted
A,Female,Accepted
A,Female,Accepted
A,Female,Accepted
A,Female,Accepted
A,Female,Accepted
A,Female,Accepted
A,Female,Accepted
A,Female,Accepted
A,Female,Accepted
A,Female,Accepted
A,Female,Accepted
A,Female,Accepted
A,Female,Accepted
A,Female,Accepted
A,Female,Accepted
A,Female,Accepted
A,Female,Accepted
A,Female,Accepted
A,Female,Accepted
A,Female,Accepted
A,Female,Accepted
A,Female,Accepted
A,Female,Accepted
A,Female,Accepted
A,Female,Accepted
A,Female,Accepted
A,Female,Accepted
A,Female,Accepted
A,Female,Accepted
A,Female,Accepted
A,Female,Accepted
A,Female,Accepted
A,Female,Accepted
A,Female,Accepted
A,Female,Accepted
A,Female,Accepted
A,Female,Accepted
A,Female,Accepted
A,Female,Accepted
A,Female,Accepted
A,Female,Accepted
A,Female,Accepted
A,Female,Accepted
A,Female,Accepted
A,Female,Accepted
A,Female,Accepted
A,Female,Accepted
A,Female,Accepted
A,Female,Accepted
A,Female,Accepted
A,Female,Accepted
A,Female,Accepted
A,Female,Accepted
A,Female,Accepted
A,Female,Accepted
A,Female,Accepted
A,Female,Accepted
A,Female,Accepted
A,Female,Accepted
A,Female,Accepted
A,Female,Accepted
A,Female,Accepted
A,Female,Accepted
A,Female,Accepted
A,Female,Denied
A,Female,Denied
A,Female,Denied
A,Female,Denied
A,Female,Denied
A,Female,Denied
A,Female,Denied
A,Female,Denied
A,Female,Denied
A,Female,Denied
A,Female,Denied
A,Female,Denied
A,Female,Denied
A,Female,Denied
A,Female,Denied
A,Female,Denied
A,Female,Denied
A,Female,Denied
A,Female,Denied
F,Male,Accepted
F,Male,Accepted
F,Male,Accepted
F,Male,Accepted
F,Male,Accepted
F,Male,Accepted
F,Male,Accepted
F,Male,Accepted
F,Male,Accepted
F,Male,Accepted
F,Male,Accepted
F,Male,Accepted
F,Male,Accepted
F,Male,Accepted
F,Male,Accepted
F,Male,Accepted
F,Male,Accepted
F,Male,Accepted
F,Male,Accepted
F,Male,Accepted
F,Male,Accepted
F,Male,Accepted
F,Male,Denied
F,Male,Denied
F,Male,Denied
F,Male,Denied
F,Male,Denied
F,Male,Denied
F,Male,Denied
F,Male,Denied
F,Male,Denied
F,Male,Denied
F,Male,Denied
F,Male,Denied
F,Male,Denied
F,Male,Denied
F,Male,Denied
F,Male,Denied
F,Male,Denied
F,Male,Denied
F,Male,Denied
F,Male,Denied
F,Male,Denied
F,Male,Denied
F,Male,Denied
F,Male,Denied
F,Male,Denied
F,Male,Denied
F,Male,Denied
F,Male,Denied
F,Male,Denied
F,Male,Denied
F,Male,Denied
F,Male,Denied
F,Male,Denied
F,Male,Denied
F,Male,Denied
F,Male,Denied
F,Male,Denied
F,Male,Denied
F,Male,Denied
F,Male,Denied
F,Male,Denied
F,Male,Denied
F,Male,Denied
F,Male,Denied
F,Male,Denied
F,Male,Denied
F,Male,Denied
F,Male,Denied
F,Male,Denied
F,Male,Denied
F,Male,Denied
F,Male,Denied
F,Male,Denied
F,Male,Denied
F,Male,Denied
F,Male,Denied
F,Male,Denied
F,Male,Denied
F,Male,Denied
F,Male,Denied
F,Male,Denied
F,Male,Denied
F,Male,Denied
F,Male,Denied
F,Male,Denied
F,Male,Denied
F,Male,Denied
F,Male,Denied
F,Male,Denied
F,Male,Denied
F,Male,Denied
F,Male,Denied
F,Male,Denied
F,Male,Denied
F,Male,Denied
F,Male,Denied
F,Male,Denied
F,Male,Denied
F,Male,Denied
F,Male,Denied
F,Male,Denied
F,Male,Denied
F,Male,Denied
F,Male,Denied
F,Male,Denied
F,Male,Denied
F,Male,Denied
F,Male,Denied
F,Male,Denied
F,Male,Denied
F,Male,Denied
F,Male,Denied
F,Male,Denied
F,Male,Denied
F,Male,Denied
F,Male,Denied
F,Male,Denied
F,Male,Denied
F,Male,Denied
F,Male,Denied
F,Male,Denied
F,Male,Denied
F,Male,Denied
F,Male,Denied
F,Male,Denied
F,Male,Denied
F,Male,Denied
F,Male,Denied
F,Male,Denied
F,Male,Denied
F,Male,Denied
F,Male,Denied
F,Male,Denied
F,Male,Denied
F,Male,Denied
F,Male,Denied
F,Male,Denied
F,Male,Denied
F,Male,Denied
F,Male,Denied
F,Male,Denied
F,Male,Denied
F,Male,Denied
F,Male,Denied
F,Male,Denied
F,Male,Denied
F,Male,Denied
F,Male,Denied
F,Male,Denied
F,Male,Denied
F,Male,Denied
F,Male,Denied
F,Male,Denied
F,Male,Denied
F,Male,Denied
F,Male,Denied
F,Male,Denied
F,Male,Denied
F,Male,Denied
F,Male,Denied
F,Male,Denied
F,Male,Denied
F,Male,Denied
F,Male,Denied
F,Male,Denied
F,Male,Denied
F,Male,Denied
F,Male,Denied
F,Male,Denied
F,Male,Denied
F,Male,Denied
F,Male,Denied
F,Male,Denied
F,Male,Denied
F,Male,Denied
F,Male,Denied
F,Male,Denied
F,Male,Denied
F,Male,Denied
F,Male,Denied
F,Male,Denied
F,Male,Denied
F,Male,Denied
F,Male,Denied
F,Male,Denied
F,Male,Denied
F,Male,Denied
F,Male,Denied
F,Male,Denied
F,Male,Denied
F,Male,Denied
F,Male,Denied
F,Male,Denied
F,Male,Denied
F,Male,Denied
F,Male,Denied
F,Male,Denied
F,Male,Denied
F,Male,Denied
F,Male,Denied
F,Male,Denied
F,Male,Denied
F,Male,Denied
F,Male,Denied
F,Male,Denied
F,Male,Denied
F,Male,Denied
F,Male,Denied
F,Male,Denied
F,Male,Denied
F,Male,Denied
F,Male,Denied
F,Male,Denied
F,Male,Denied
F,Male,Denied
F,Male,Denied
F,Male,Denied
F,Male,Denied
F,Male,Denied
F,Male,Denied
F,Male,Denied
F,Male,Denied
F,Male,Denied
F,Male,Denied
F,Male,Denied
F,Male,Denied
F,Male,Denied
F,Male,Denied
F,Male,Denied
F,Male,Denied
F,Male,Denied
F,Male,Denied
F,Male,Denied
F,Male,Denied
F,Male,Denied
F,Male,Denied
F,Male,Denied
F,Male,Denied
F,Male,Denied
F,Male,Denied
F,Male,Denied
F,Male,Denied
F,Male,Denied
F,Male,Denied
F,Male,Denied
F,Male,Denied
F,Male,Denied
F,Male,Denied
F,Male,Denied
F,Male,Denied
F,Male,Denied
F,Male,Denied
F,Male,Denied
F,Male,Denied
F,Male,Denied
F,Male,Denied
F,Male,Denied
F,Male,Denied
F,Male,Denied
F,Male,Denied
F,Male,Denied
F,Male,Denied
F,Male,Denied
F,Male,Denied
F,Male,Denied
F,Male,Denied
F,Male,Denied
F,Male,Denied
F,Male,Denied
F,Male,Denied
F,Male,Denied
F,Male,Denied
F,Male,Denied
F,Male,Denied
F,Male,Denied
F,Male,Denied
F,Male,Denied
F,Male,Denied
F,Male,Denied
F,Male,Denied
F,Male,Denied
F,Male,Denied
F,Male,Denied
F,Male,Denied
F,Male,Denied
F,Male,Denied
F,Male,Denied
F,Male,Denied
F,Male,Denied
F,Male,Denied
F,Male,Denied
F,Male,Denied
F,Male,Denied
F,Male,Denied
F,Male,Denied
F,Male,Denied
F,Male,Denied
F,Male,Denied
F,Male,Denied
F,Male,Denied
F,Male,Denied
F,Male,Denied
F,Male,Denied
F,Male,Denied
F,Male,Denied
F,Male,Denied
F,Male,Denied
F,Male,Denied
F,Male,Denied
F,Male,Denied
F,Male,Denied
F,Male,Denied
F,Male,Denied
F,Male,Denied
F,Male,Denied
F,Male,Denied
F,Male,Denied
F,Male,Denied
F,Male,Denied
F,Male,Denied
F,Male,Denied
F,Male,Denied
F,Male,Denied
F,Male,Denied
F,Male,Denied
F,Male,Denied
F,Male,Denied
F,Male,Denied
F,Male,Denied
F,Male,Denied
F,Male,Denied
F,Male,Denied
F,Male,Denied
F,Male,Denied
F,Male,Denied
F,Male,Denied
F,Male,Denied
F,Male,Denied
F,Male,Denied
F,Male,Denied
F,Male,Denied
F,Male,Denied
F,Male,Denied
F,Male,Denied
F,Male,Denied
F,Male,Denied
F,Male,Denied
F,Male,Denied
F,Male,Denied
F,Male,Denied
F,Male,Denied
F,Male,Denied
F,Male,Denied
F,Male,Denied
F,Male,Denied
F,Male,Denied
F,Male,Denied
F,Male,Denied
F,Male,Denied
F,Male,Denied
F,Male,Denied
F,Male,Denied
F,Male,Denied
F,Male,Denied
F,Male,Denied
F,Male,Denied
F,Male,Denied
F,Male,Denied
F,Male,Denied
F,Male,Denied
F,Male,Denied
F,Female,Accepted
F,Female,Accepted
F,Female,Accepted
F,Female,Accepted
F,Female,Accepted
F,Female,Accepted
F,Female,Accepted
F,Female,Accepted
F,Female,Accepted
F,Female,Accepted
F,Female,Accepted
F,Female,Accepted
F,Female,Accepted
F,Female,Accepted
F,Female,Accepted
F,Female,Accepted
F,Female,Accepted
F,Female,Accepted
F,Female,Accepted
F,Female,Accepted
F,Female,Accepted
F,Female,Accepted
F,Female,Accepted
F,Female,Accepted
F,Female,Denied
F,Female,Denied
F,Female,Denied
F,Female,Denied
F,Female,Denied
F,Female,Denied
F,Female,Denied
F,Female,Denied
F,Female,Denied
F,Female,Denied
F,Female,Denied
F,Female,Denied
F,Female,Denied
F,Female,Denied
F,Female,Denied
F,Female,Denied
F,Female,Denied
F,Female,Denied
F,Female,Denied
F,Female,Denied
F,Female,Denied
F,Female,Denied
F,Female,Denied
F,Female,Denied
F,Female,Denied
F,Female,Denied
F,Female,Denied
F,Female,Denied
F,Female,Denied
F,Female,Denied
F,Female,Denied
F,Female,Denied
F,Female,Denied
F,Female,Denied
F,Female,Denied
F,Female,Denied
F,Female,Denied
F,Female,Denied
F,Female,Denied
F,Female,Denied
F,Female,Denied
F,Female,Denied
F,Female,Denied
F,Female,Denied
F,Female,Denied
F,Female,Denied
F,Female,Denied
F,Female,Denied
F,Female,Denied
F,Female,Denied
F,Female,Denied
F,Female,Denied
F,Female,Denied
F,Female,Denied
F,Female,Denied
F,Female,Denied
F,Female,Denied
F,Female,Denied
F,Female,Denied
F,Female,Denied
F,Female,Denied
F,Female,Denied
F,Female,Denied
F,Female,Denied
F,Female,Denied
F,Female,Denied
F,Female,Denied
F,Female,Denied
F,Female,Denied
F,Female,Denied
F,Female,Denied
F,Female,Denied
F,Female,Denied
F,Female,Denied
F,Female,Denied
F,Female,Denied
F,Female,Denied
F,Female,Denied
F,Female,Denied
F,Female,Denied
F,Female,Denied
F,Female,Denied
F,Female,Denied
F,Female,Denied
F,Female,Denied
F,Female,Denied
F,Female,Denied
F,Female,Denied
F,Female,Denied
F,Female,Denied
F,Female,Denied
F,Female,Denied
F,Female,Denied
F,Female,Denied
F,Female,Denied
F,Female,Denied
F,Female,Denied
F,Female,Denied
F,Female,Denied
F,Female,Denied
F,Female,Denied
F,Female,Denied
F,Female,Denied
F,Female,Denied
F,Female,Denied
F,Female,Denied
F,Female,Denied
F,Female,Denied
F,Female,Denied
F,Female,Denied
F,Female,Denied
F,Female,Denied
F,Female,Denied
F,Female,Denied
F,Female,Denied
F,Female,Denied
F,Female,Denied
F,Female,Denied
F,Female,Denied
F,Female,Denied
F,Female,Denied
F,Female,Denied
F,Female,Denied
F,Female,Denied
F,Female,Denied
F,Female,Denied
F,Female,Denied
F,Female,Denied
F,Female,Denied
F,Female,Denied
F,Female,Denied
F,Female,Denied
F,Female,Denied
F,Female,Denied
F,Female,Denied
F,Female,Denied
F,Female,Denied
F,Female,Denied
F,Female,Denied
F,Female,Denied
F,Female,Denied
F,Female,Denied
F,Female,Denied
F,Female,Denied
F,Female,Denied
F,Female,Denied
F,Female,Denied
F,Female,Denied
F,Female,Denied
F,Female,Denied
F,Female,Denied
F,Female,Denied
F,Female,Denied
F,Female,Denied
F,Female,Denied
F,Female,Denied
F,Female,Denied
F,Female,Denied
F,Female,Denied
F,Female,Denied
F,Female,Denied
F,Female,Denied
F,Female,Denied
F,Female,Denied
F,Female,Denied
F,Female,Denied
F,Female,Denied
F,Female,Denied
F,Female,Denied
F,Female,Denied
F,Female,Denied
F,Female,Denied
F,Female,Denied
F,Female,Denied
F,Female,Denied
F,Female,Denied
F,Female,Denied
F,Female,Denied
F,Female,Denied
F,Female,Denied
F,Female,Denied
F,Female,Denied
F,Female,Denied
F,Female,Denied
F,Female,Denied
F,Female,Denied
F,Female,Denied
F,Female,Denied
F,Female,Denied
F,Female,Denied
F,Female,Denied
F,Female,Denied
F,Female,Denied
F,Female,Denied
F,Female,Denied
F,Female,Denied
F,Female,Denied
F,Female,Denied
F,Female,Denied
F,Female,Denied
F,Female,Denied
F,Female,Denied
F,Female,Denied
F,Female,Denied
F,Female,Denied
F,Female,Denied
F,Female,Denied
F,Female,Denied
F,Female,Denied
F,Female,Denied
F,Female,Denied
F,Female,Denied
F,Female,Denied
F,Female,Denied
F,Female,Denied
F,Female,Denied
F,Female,Denied
F,Female,Denied
F,Female,Denied
F,Female,Denied
F,Female,Denied
F,Female,Denied
F,Female,Denied
F,Female,Denied
F,Female,Denied
F,Female,Denied
F,Female,Denied
F,Female,Denied
F,Female,Denied
F,Female,Denied
F,Female,Denied
F,Female,Denied
F,Female,Denied
F,Female,Denied
F,Female,Denied
F,Female,Denied
F,Female,Denied
F,Female,Denied
F,Female,Denied
F,Female,Denied
F,Female,Denied
F,Female,Denied
F,Female,Denied
F,Female,Denied
F,Female,Denied
F,Female,Denied
F,Female,Denied
F,Female,Denied
F,Female,Denied
F,Female,Denied
F,Female,Denied
F,Female,Denied
F,Female,Denied
F,Female,Denied
F,Female,Denied
F,Female,Denied
F,Female,Denied
F,Female,Denied
F,Female,Denied
F,Female,Denied
F,Female,Denied
F,Female,Denied
F,Female,Denied
F,Female,Denied
F,Female,Denied
F,Female,Denied
F,Female,Denied
F,Female,Denied
F,Female,Denied
F,Female,Denied
F,Female,Denied
F,Female,Denied
F,Female,Denied
F,Female,Denied
F,Female,Denied
F,Female,Denied
F,Female,Denied
F,Female,Denied
F,Female,Denied
F,Female,Denied
F,Female,Denied
F,Female,Denied
F,Female,Denied
F,Female,Denied
F,Female,Denied
F,Female,Denied
F,Female,Denied
F,Female,Denied
F,Female,Denied
F,Female,Denied
F,Female,Denied
F,Female,Denied
F,Female,Denied
F,Female,Denied
F,Female,Denied
F,Female,Denied
F,Female,Denied
F,Female,Denied
F,Female,Denied
F,Female,Denied
F,Female,Denied
F,Female,Denied
F,Female,Denied
F,Female,Denied
F,Female,Denied
F,Female,Denied
F,Female,Denied
F,Female,Denied
F,Female,Denied
F,Female,Denied
F,Female,Denied
F,Female,Denied
F,Female,Denied
F,Female,Denied
F,Female,Denied
F,Female,Denied
F,Female,Denied
